"x","p","y","y_star"
0,0.05,0.05,0.225513405898131
0,0.05,0.05,0.225513405898131
0,0.05,0,0
0,0.05,0,0
0,0.05,0.05,0.225513405898131
0,0.05,0,0
0,0.05,0.05,0.225513405898131
0,0.05,0.1,0.321750554396642
0,0.05,0,0
0,0.05,0.05,0.225513405898131
0,0.05,0,0
0,0.05,0.05,0.225513405898131
0,0.05,0,0
0,0.05,0.1,0.321750554396642
0,0.05,0,0
0,0.05,0,0
0,0.05,0.05,0.225513405898131
0,0.05,0,0
0,0.05,0,0
0,0.05,0,0
0,0.05,0,0
0,0.05,0,0
0,0.05,0,0
0,0.05,0,0
0,0.05,0.05,0.225513405898131
0,0.05,0,0
0,0.05,0.05,0.225513405898131
0,0.05,0,0
0,0.05,0,0
0,0.05,0.05,0.225513405898131
0.111111111111111,0.15,0.25,0.523598775598299
0.111111111111111,0.15,0.05,0.225513405898131
0.111111111111111,0.15,0.2,0.463647609000806
0.111111111111111,0.15,0,0
0.111111111111111,0.15,0.15,0.397699415092072
0.111111111111111,0.15,0.15,0.397699415092072
0.111111111111111,0.15,0.1,0.321750554396642
0.111111111111111,0.15,0.15,0.397699415092072
0.111111111111111,0.15,0.2,0.463647609000806
0.111111111111111,0.15,0.15,0.397699415092072
0.111111111111111,0.15,0.1,0.321750554396642
0.111111111111111,0.15,0.25,0.523598775598299
0.111111111111111,0.15,0.15,0.397699415092072
0.111111111111111,0.15,0.15,0.397699415092072
0.111111111111111,0.15,0.05,0.225513405898131
0.111111111111111,0.15,0,0
0.111111111111111,0.15,0.25,0.523598775598299
0.111111111111111,0.15,0.1,0.321750554396642
0.111111111111111,0.15,0.15,0.397699415092072
0.111111111111111,0.15,0.1,0.321750554396642
0.111111111111111,0.15,0.3,0.579639740363704
0.111111111111111,0.15,0.15,0.397699415092072
0.111111111111111,0.15,0.3,0.579639740363704
0.111111111111111,0.15,0.25,0.523598775598299
0.111111111111111,0.15,0.15,0.397699415092072
0.111111111111111,0.15,0.2,0.463647609000806
0.111111111111111,0.15,0.2,0.463647609000806
0.111111111111111,0.15,0.05,0.225513405898131
0.111111111111111,0.15,0.3,0.579639740363704
0.111111111111111,0.15,0.1,0.321750554396642
0.222222222222222,0.25,0.2,0.463647609000806
0.222222222222222,0.25,0.35,0.633051836389749
0.222222222222222,0.25,0.25,0.523598775598299
0.222222222222222,0.25,0.25,0.523598775598299
0.222222222222222,0.25,0.2,0.463647609000806
0.222222222222222,0.25,0.1,0.321750554396642
0.222222222222222,0.25,0.3,0.579639740363704
0.222222222222222,0.25,0.25,0.523598775598299
0.222222222222222,0.25,0.25,0.523598775598299
0.222222222222222,0.25,0.3,0.579639740363704
0.222222222222222,0.25,0.35,0.633051836389749
0.222222222222222,0.25,0.2,0.463647609000806
0.222222222222222,0.25,0.3,0.579639740363704
0.222222222222222,0.25,0.35,0.633051836389749
0.222222222222222,0.25,0.15,0.397699415092072
0.222222222222222,0.25,0.3,0.579639740363704
0.222222222222222,0.25,0.3,0.579639740363704
0.222222222222222,0.25,0.25,0.523598775598299
0.222222222222222,0.25,0.15,0.397699415092072
0.222222222222222,0.25,0.4,0.684719203002283
0.222222222222222,0.25,0.15,0.397699415092072
0.222222222222222,0.25,0.4,0.684719203002283
0.222222222222222,0.25,0.3,0.579639740363704
0.222222222222222,0.25,0.45,0.735314452816668
0.222222222222222,0.25,0.15,0.397699415092072
0.222222222222222,0.25,0.45,0.735314452816668
0.222222222222222,0.25,0.3,0.579639740363704
0.222222222222222,0.25,0.4,0.684719203002283
0.222222222222222,0.25,0.15,0.397699415092072
0.222222222222222,0.25,0.15,0.397699415092072
0.333333333333333,0.35,0.5,0.785398163397448
0.333333333333333,0.35,0.4,0.684719203002283
0.333333333333333,0.35,0.4,0.684719203002283
0.333333333333333,0.35,0.3,0.579639740363704
0.333333333333333,0.35,0.3,0.579639740363704
0.333333333333333,0.35,0.3,0.579639740363704
0.333333333333333,0.35,0.45,0.735314452816668
0.333333333333333,0.35,0.3,0.579639740363704
0.333333333333333,0.35,0.4,0.684719203002283
0.333333333333333,0.35,0.3,0.579639740363704
0.333333333333333,0.35,0.25,0.523598775598299
0.333333333333333,0.35,0.45,0.735314452816668
0.333333333333333,0.35,0.35,0.633051836389749
0.333333333333333,0.35,0.2,0.463647609000806
0.333333333333333,0.35,0.25,0.523598775598299
0.333333333333333,0.35,0.25,0.523598775598299
0.333333333333333,0.35,0.4,0.684719203002283
0.333333333333333,0.35,0.4,0.684719203002283
0.333333333333333,0.35,0.3,0.579639740363704
0.333333333333333,0.35,0.35,0.633051836389749
0.333333333333333,0.35,0.3,0.579639740363704
0.333333333333333,0.35,0.45,0.735314452816668
0.333333333333333,0.35,0.2,0.463647609000806
0.333333333333333,0.35,0.3,0.579639740363704
0.333333333333333,0.35,0.25,0.523598775598299
0.333333333333333,0.35,0.2,0.463647609000806
0.333333333333333,0.35,0.35,0.633051836389749
0.333333333333333,0.35,0.25,0.523598775598299
0.333333333333333,0.35,0.25,0.523598775598299
0.333333333333333,0.35,0.45,0.735314452816668
0.444444444444444,0.45,0.45,0.735314452816668
0.444444444444444,0.45,0.35,0.633051836389749
0.444444444444444,0.45,0.45,0.735314452816668
0.444444444444444,0.45,0.55,0.835481873978228
0.444444444444444,0.45,0.45,0.735314452816668
0.444444444444444,0.45,0.3,0.579639740363704
0.444444444444444,0.45,0.4,0.684719203002283
0.444444444444444,0.45,0.45,0.735314452816668
0.444444444444444,0.45,0.25,0.523598775598299
0.444444444444444,0.45,0.4,0.684719203002283
0.444444444444444,0.45,0.4,0.684719203002283
0.444444444444444,0.45,0.5,0.785398163397448
0.444444444444444,0.45,0.25,0.523598775598299
0.444444444444444,0.45,0.3,0.579639740363704
0.444444444444444,0.45,0.6,0.886077123792614
0.444444444444444,0.45,0.15,0.397699415092072
0.444444444444444,0.45,0.35,0.633051836389749
0.444444444444444,0.45,0.45,0.735314452816668
0.444444444444444,0.45,0.45,0.735314452816668
0.444444444444444,0.45,0.4,0.684719203002283
0.444444444444444,0.45,0.5,0.785398163397448
0.444444444444444,0.45,0.4,0.684719203002283
0.444444444444444,0.45,0.45,0.735314452816668
0.444444444444444,0.45,0.5,0.785398163397448
0.444444444444444,0.45,0.6,0.886077123792614
0.444444444444444,0.45,0.3,0.579639740363704
0.444444444444444,0.45,0.35,0.633051836389749
0.444444444444444,0.45,0.5,0.785398163397448
0.444444444444444,0.45,0.5,0.785398163397448
0.444444444444444,0.45,0.3,0.579639740363704
0.555555555555556,0.55,0.65,0.937744490405147
0.555555555555556,0.55,0.75,1.0471975511966
0.555555555555556,0.55,0.3,0.579639740363704
0.555555555555556,0.55,0.55,0.835481873978228
0.555555555555556,0.55,0.45,0.735314452816668
0.555555555555556,0.55,0.5,0.785398163397448
0.555555555555556,0.55,0.6,0.886077123792614
0.555555555555556,0.55,0.5,0.785398163397448
0.555555555555556,0.55,0.45,0.735314452816668
0.555555555555556,0.55,0.75,1.0471975511966
0.555555555555556,0.55,0.7,0.991156586431192
0.555555555555556,0.55,0.55,0.835481873978228
0.555555555555556,0.55,0.4,0.684719203002283
0.555555555555556,0.55,0.7,0.991156586431192
0.555555555555556,0.55,0.7,0.991156586431192
0.555555555555556,0.55,0.6,0.886077123792614
0.555555555555556,0.55,0.7,0.991156586431192
0.555555555555556,0.55,0.55,0.835481873978228
0.555555555555556,0.55,0.55,0.835481873978228
0.555555555555556,0.55,0.7,0.991156586431192
0.555555555555556,0.55,0.45,0.735314452816668
0.555555555555556,0.55,0.5,0.785398163397448
0.555555555555556,0.55,0.55,0.835481873978228
0.555555555555556,0.55,0.45,0.735314452816668
0.555555555555556,0.55,0.65,0.937744490405147
0.555555555555556,0.55,0.55,0.835481873978228
0.555555555555556,0.55,0.4,0.684719203002283
0.555555555555556,0.55,0.4,0.684719203002283
0.555555555555556,0.55,0.3,0.579639740363704
0.555555555555556,0.55,0.55,0.835481873978228
0.666666666666667,0.65,0.85,1.17309691170282
0.666666666666667,0.65,0.7,0.991156586431192
0.666666666666667,0.65,0.5,0.785398163397448
0.666666666666667,0.65,0.6,0.886077123792614
0.666666666666667,0.65,0.7,0.991156586431192
0.666666666666667,0.65,0.7,0.991156586431192
0.666666666666667,0.65,0.55,0.835481873978228
0.666666666666667,0.65,0.75,1.0471975511966
0.666666666666667,0.65,0.85,1.17309691170282
0.666666666666667,0.65,0.7,0.991156586431192
0.666666666666667,0.65,0.7,0.991156586431192
0.666666666666667,0.65,0.8,1.10714871779409
0.666666666666667,0.65,0.75,1.0471975511966
0.666666666666667,0.65,0.5,0.785398163397448
0.666666666666667,0.65,0.7,0.991156586431192
0.666666666666667,0.65,0.7,0.991156586431192
0.666666666666667,0.65,0.75,1.0471975511966
0.666666666666667,0.65,0.65,0.937744490405147
0.666666666666667,0.65,0.6,0.886077123792614
0.666666666666667,0.65,0.75,1.0471975511966
0.666666666666667,0.65,0.5,0.785398163397448
0.666666666666667,0.65,0.6,0.886077123792614
0.666666666666667,0.65,0.7,0.991156586431192
0.666666666666667,0.65,0.45,0.735314452816668
0.666666666666667,0.65,0.7,0.991156586431192
0.666666666666667,0.65,0.6,0.886077123792614
0.666666666666667,0.65,0.75,1.0471975511966
0.666666666666667,0.65,0.45,0.735314452816668
0.666666666666667,0.65,0.55,0.835481873978228
0.666666666666667,0.65,0.65,0.937744490405147
0.777777777777778,0.75,0.7,0.991156586431192
0.777777777777778,0.75,0.85,1.17309691170282
0.777777777777778,0.75,0.9,1.24904577239825
0.777777777777778,0.75,0.9,1.24904577239825
0.777777777777778,0.75,0.6,0.886077123792614
0.777777777777778,0.75,0.75,1.0471975511966
0.777777777777778,0.75,0.85,1.17309691170282
0.777777777777778,0.75,0.85,1.17309691170282
0.777777777777778,0.75,0.85,1.17309691170282
0.777777777777778,0.75,0.8,1.10714871779409
0.777777777777778,0.75,0.9,1.24904577239825
0.777777777777778,0.75,0.7,0.991156586431192
0.777777777777778,0.75,0.85,1.17309691170282
0.777777777777778,0.75,0.7,0.991156586431192
0.777777777777778,0.75,0.8,1.10714871779409
0.777777777777778,0.75,0.65,0.937744490405147
0.777777777777778,0.75,0.7,0.991156586431192
0.777777777777778,0.75,0.85,1.17309691170282
0.777777777777778,0.75,0.8,1.10714871779409
0.777777777777778,0.75,0.85,1.17309691170282
0.777777777777778,0.75,0.75,1.0471975511966
0.777777777777778,0.75,0.85,1.17309691170282
0.777777777777778,0.75,0.8,1.10714871779409
0.777777777777778,0.75,0.75,1.0471975511966
0.777777777777778,0.75,0.65,0.937744490405147
0.777777777777778,0.75,0.7,0.991156586431192
0.777777777777778,0.75,0.5,0.785398163397448
0.777777777777778,0.75,0.9,1.24904577239825
0.777777777777778,0.75,0.85,1.17309691170282
0.777777777777778,0.75,0.65,0.937744490405147
0.888888888888889,0.85,0.7,0.991156586431192
0.888888888888889,0.85,0.85,1.17309691170282
0.888888888888889,0.85,0.65,0.937744490405147
0.888888888888889,0.85,0.8,1.10714871779409
0.888888888888889,0.85,0.85,1.17309691170282
0.888888888888889,0.85,0.85,1.17309691170282
0.888888888888889,0.85,0.8,1.10714871779409
0.888888888888889,0.85,0.9,1.24904577239825
0.888888888888889,0.85,0.95,1.34528292089677
0.888888888888889,0.85,0.95,1.34528292089677
0.888888888888889,0.85,0.8,1.10714871779409
0.888888888888889,0.85,0.9,1.24904577239825
0.888888888888889,0.85,0.9,1.24904577239825
0.888888888888889,0.85,0.8,1.10714871779409
0.888888888888889,0.85,0.85,1.17309691170282
0.888888888888889,0.85,0.95,1.34528292089677
0.888888888888889,0.85,0.8,1.10714871779409
0.888888888888889,0.85,0.75,1.0471975511966
0.888888888888889,0.85,0.75,1.0471975511966
0.888888888888889,0.85,0.85,1.17309691170282
0.888888888888889,0.85,0.85,1.17309691170282
0.888888888888889,0.85,0.85,1.17309691170282
0.888888888888889,0.85,0.6,0.886077123792614
0.888888888888889,0.85,0.9,1.24904577239825
0.888888888888889,0.85,0.8,1.10714871779409
0.888888888888889,0.85,0.9,1.24904577239825
0.888888888888889,0.85,0.85,1.17309691170282
0.888888888888889,0.85,0.85,1.17309691170282
0.888888888888889,0.85,0.8,1.10714871779409
0.888888888888889,0.85,0.8,1.10714871779409
1,0.95,0.95,1.34528292089677
1,0.95,0.95,1.34528292089677
1,0.95,1,1.5707963267949
1,0.95,1,1.5707963267949
1,0.95,0.95,1.34528292089677
1,0.95,0.95,1.34528292089677
1,0.95,0.9,1.24904577239825
1,0.95,0.95,1.34528292089677
1,0.95,0.95,1.34528292089677
1,0.95,1,1.5707963267949
1,0.95,0.95,1.34528292089677
1,0.95,0.9,1.24904577239825
1,0.95,0.95,1.34528292089677
1,0.95,0.95,1.34528292089677
1,0.95,0.9,1.24904577239825
1,0.95,0.95,1.34528292089677
1,0.95,1,1.5707963267949
1,0.95,1,1.5707963267949
1,0.95,0.9,1.24904577239825
1,0.95,0.9,1.24904577239825
1,0.95,1,1.5707963267949
1,0.95,0.9,1.24904577239825
1,0.95,0.95,1.34528292089677
1,0.95,0.9,1.24904577239825
1,0.95,0.9,1.24904577239825
1,0.95,0.95,1.34528292089677
1,0.95,0.95,1.34528292089677
1,0.95,0.95,1.34528292089677
1,0.95,1,1.5707963267949
1,0.95,0.95,1.34528292089677
